{
    "currentSignals": ["svctravel"],
    "nextSignals": ["jckssignal"],
    "savedPredicates": {
        "stop": "config(kombisignal.HP0) || config(kombisignal.KS_ZS1) || config(kombisignal.KS_ZS7) || config(kombisignal.KS_SHUNTING) || config(kombisignal_main.HP0) || config(kombisignal_main.KS_ZS1) || config(kombisignal_main.KS_ZS7) || config(kombisignal_main.KS_SHUNTING)",
        "drive": "config(kombisignal.KS1) || config(kombisignal_main.KS1) || config(kombisignal.KS1_BLINK) || config(kombisignal.KS1_BLINK_LIGHT) || config(kombisignal.KS2) || config(kombisignal.KS2_LIGHT)"
    },
    "values": {
        "map(stop)": ["SVCTRAVELINDICATOR.OFF","SVCTRAVELINDICATOREXIT.OFF", "SVCVERTICALINDICATOR.OFF", "SVCVERTICALINDICATOREXIT.OFF", "SVCHORIZONTALINDICATOR.OFF", "SVCHORIZONTALINDICATOREXIT.OFF"],
        "map(drive)": ["SVCTRAVELINDICATOR.TRAVEL","SVCTRAVELINDICATOREXIT.TRAVEL", "SVCVERTICALINDICATOR.TRAVEL", "SVCVERTICALINDICATOREXIT.TRAVEL", "SVCHORIZONTALINDICATOR.TRAVEL", "SVCHORIZONTALINDICATOREXIT.TRAVEL"]
    }
}