{
	"credit": "Made with Blockbench by SkywalkerValle",
	"textures": {
		"1": "opensignals:blocks/svc/shield_black",
		"2": "opensignals:blocks/svc/shield_gray",
		"3": "opensignals:blocks/svc/travel_lamps/off",
		"travelindicator": "opensignals:blocks/svc/travel_lamps/off",
		"Zp9": "opensignals:blocks/svc/travel_lamps/off",
		"particle": "opensignals:blocks/svc/black"
	},
	"elements": [
		{
			"name": "mast",
			"from": [7, -1, 6],
			"to": [9, 6, 8],
			"faces": {
				"north": {"uv": [0, 0, 2, 7], "texture": "#2"},
				"east": {"uv": [0, 0, 2, 7], "texture": "#2"},
				"south": {"uv": [0, 0, 2, 7], "texture": "#2"},
				"west": {"uv": [0, 0, 2, 7], "texture": "#2"},
				"up": {"uv": [0, 0, 2, 2], "texture": "#2"},
				"down": {"uv": [0, 0, 2, 2], "texture": "#2"}
			}
		},
		{
			"name": "hood4",
			"from": [8.5, 7, 3],
			"to": [15.5, 8, 5],
			"faces": {
				"north": {"uv": [0, 0, 7, 1], "texture": "#1"},
				"east": {"uv": [0, 0, 2, 1], "texture": "#1"},
				"south": {"uv": [0, 0, 7, 1], "texture": "#1"},
				"west": {"uv": [0, 0, 2, 1], "texture": "#1"},
				"up": {"uv": [0, 0, 7, 2], "texture": "#1"},
				"down": {"uv": [0, 0, 7, 2], "texture": "#1"}
			}
		},
		{
			"name": "hood2",
			"from": [8.5, 0, 3],
			"to": [9.5, 7, 5],
			"faces": {
				"north": {"uv": [0, 0, 1, 7], "texture": "#1"},
				"east": {"uv": [0, 0, 2, 7], "texture": "#1"},
				"south": {"uv": [0, 0, 1, 7], "texture": "#1"},
				"west": {"uv": [0, 0, 2, 7], "texture": "#1"},
				"up": {"uv": [0, 0, 1, 2], "texture": "#1"},
				"down": {"uv": [0, 0, 1, 2], "texture": "#1"}
			}
		},
		{
			"name": "hood1",
			"from": [8, 0, 5],
			"to": [16, 8, 7],
			"faces": {
				"north": {"uv": [0, 0, 8, 8], "texture": "#1"},
				"east": {"uv": [0, 0, 2, 8], "texture": "#1"},
				"south": {"uv": [0, 0, 8, 8], "texture": "#1"},
				"west": {"uv": [0, 0, 2, 8], "texture": "#1"},
				"up": {"uv": [0, 0, 8, 2], "texture": "#1"},
				"down": {"uv": [0, 0, 8, 2], "texture": "#1"}
			}
		},
		{
			"name": "hood3",
			"from": [14.5, 0, 3],
			"to": [15.5, 7, 5],
			"faces": {
				"north": {"uv": [0, 0, 1, 7], "texture": "#1"},
				"east": {"uv": [0, 0, 2, 7], "texture": "#1"},
				"south": {"uv": [0, 0, 1, 7], "texture": "#1"},
				"west": {"uv": [0, 0, 2, 7], "texture": "#1"},
				"up": {"uv": [0, 0, 1, 2], "texture": "#1"},
				"down": {"uv": [0, 0, 1, 2], "texture": "#1"}
			}
		},
		{
			"name": "hood4",
			"from": [0.5, 7, 3],
			"to": [7.5, 8, 5],
			"faces": {
				"north": {"uv": [0, 0, 7, 1], "texture": "#1"},
				"east": {"uv": [0, 0, 2, 1], "texture": "#1"},
				"south": {"uv": [0, 0, 7, 1], "texture": "#1"},
				"west": {"uv": [0, 0, 2, 1], "texture": "#1"},
				"up": {"uv": [0, 0, 7, 2], "texture": "#1"},
				"down": {"uv": [0, 0, 7, 2], "texture": "#1"}
			}
		},
		{
			"name": "dark2",
			"from": [9.5, 0, 4.95],
			"to": [14.5, 7, 4.95],
			"faces": {
				"north": {"uv": [0, 0, 5, 7], "texture": "#3"}
			}
		},
		{
			"name": "travelindicator",
			"from": [9.5, 0, 4.9],
			"to": [14.5, 7, 4.9],
			"faces": {
				"north": {"uv": [0, 0, 5, 7], "texture": "#travelindicator"}
			}
		},
		{
			"name": "hood2",
			"from": [0.5, 0, 3],
			"to": [1.5, 7, 5],
			"faces": {
				"north": {"uv": [0, 0, 1, 7], "texture": "#1"},
				"east": {"uv": [0, 0, 2, 7], "texture": "#1"},
				"south": {"uv": [0, 0, 1, 7], "texture": "#1"},
				"west": {"uv": [0, 0, 2, 7], "texture": "#1"},
				"up": {"uv": [0, 0, 1, 2], "texture": "#1"},
				"down": {"uv": [0, 0, 1, 2], "texture": "#1"}
			}
		},
		{
			"name": "hood1",
			"from": [0, 0, 5],
			"to": [8, 8, 7],
			"faces": {
				"north": {"uv": [0, 0, 8, 8], "texture": "#1"},
				"east": {"uv": [0, 0, 2, 8], "texture": "#1"},
				"south": {"uv": [0, 0, 8, 8], "texture": "#1"},
				"west": {"uv": [0, 0, 2, 8], "texture": "#1"},
				"up": {"uv": [0, 0, 8, 2], "texture": "#1"},
				"down": {"uv": [0, 0, 8, 2], "texture": "#1"}
			}
		},
		{
			"name": "hood3",
			"from": [6.5, 0, 3],
			"to": [7.5, 7, 5],
			"faces": {
				"north": {"uv": [0, 0, 1, 7], "texture": "#1"},
				"east": {"uv": [0, 0, 2, 7], "texture": "#1"},
				"south": {"uv": [0, 0, 1, 7], "texture": "#1"},
				"west": {"uv": [0, 0, 2, 7], "texture": "#1"},
				"up": {"uv": [0, 0, 1, 2], "texture": "#1"},
				"down": {"uv": [0, 0, 1, 2], "texture": "#1"}
			}
		},
		{
			"name": "dark1",
			"from": [1.5, 0, 4.95],
			"to": [6.5, 7, 4.95],
			"faces": {
				"north": {"uv": [0, 0, 5, 7], "texture": "#3"}
			}
		},
		{
			"name": "Zp9",
			"from": [1.5, 0, 4.9],
			"to": [6.5, 7, 4.9],
			"faces": {
				"north": {"uv": [0, 0, 5, 7], "texture": "#Zp9"}
			}
		}
	],
	"groups": [
		0,
		{
			"name": "Zp9",
			"origin": [0, 0, 0],
			"color": 0,
			"children": [1, 2, 3, 4, 5, 6]
		},
		{
			"name": "signal",
			"origin": [8, 8, 8],
			"color": 0,
			"children": [7]
		},
		{
			"name": "travel",
			"origin": [0, 0, 0],
			"color": 0,
			"children": [
				8,
				9,
				10,
				11,
				{
					"name": "signal",
					"origin": [8, 8, 8],
					"color": 0,
					"children": [12]
				}
			]
		}
	]
}