{
	"credit": "Made with Blockbench by SkywalkerValle",
	"textures": {
		"1": "opensignals:blocks/svc/shield_black",
		"2": "opensignals:blocks/svc/travel_lamps/off",
		"lamp_travel_front": "opensignals:blocks/svc/travel_lamps/off",
		"lamp_travel_back": "opensignals:blocks/svc/travel_lamps/off",
		"particle": "opensignals:blocks/svc/black"
	},
	"elements": [
		{
			"name": "hood4",
			"from": [4.5, 7, 5],
			"to": [11.5, 8, 7],
			"faces": {
				"north": {"uv": [0, 0, 7, 1], "texture": "#1"},
				"east": {"uv": [0, 0, 2, 1], "texture": "#1"},
				"south": {"uv": [0, 0, 7, 1], "texture": "#1"},
				"west": {"uv": [0, 0, 2, 1], "texture": "#1"},
				"up": {"uv": [0, 0, 7, 2], "texture": "#1"},
				"down": {"uv": [0, 0, 7, 2], "texture": "#1"}
			}
		},
		{
			"name": "hood2",
			"from": [4.5, 0, 5],
			"to": [5.5, 7, 7],
			"faces": {
				"north": {"uv": [0, 0, 1, 7], "texture": "#1"},
				"east": {"uv": [0, 0, 2, 7], "texture": "#1"},
				"south": {"uv": [0, 0, 1, 7], "texture": "#1"},
				"west": {"uv": [0, 0, 2, 7], "texture": "#1"},
				"up": {"uv": [0, 0, 1, 2], "texture": "#1"},
				"down": {"uv": [0, 0, 1, 2], "texture": "#1"}
			}
		},
		{
			"name": "hood1",
			"from": [4, 0, 7],
			"to": [12, 8, 9],
			"faces": {
				"north": {"uv": [0, 0, 8, 8], "texture": "#1"},
				"east": {"uv": [0, 0, 2, 8], "texture": "#1"},
				"south": {"uv": [0, 0, 8, 8], "texture": "#1"},
				"west": {"uv": [0, 0, 2, 8], "texture": "#1"},
				"up": {"uv": [0, 0, 8, 2], "texture": "#1"},
				"down": {"uv": [0, 0, 8, 2], "texture": "#1"}
			}
		},
		{
			"name": "hood3",
			"from": [10.5, 0, 5],
			"to": [11.5, 7, 7],
			"faces": {
				"north": {"uv": [0, 0, 1, 7], "texture": "#1"},
				"east": {"uv": [0, 0, 2, 7], "texture": "#1"},
				"south": {"uv": [0, 0, 1, 7], "texture": "#1"},
				"west": {"uv": [0, 0, 2, 7], "texture": "#1"},
				"up": {"uv": [0, 0, 1, 2], "texture": "#1"},
				"down": {"uv": [0, 0, 1, 2], "texture": "#1"}
			}
		},
		{
			"name": "hood2",
			"from": [4.5, 0, 9],
			"to": [5.5, 7, 11],
			"faces": {
				"north": {"uv": [0, 0, 1, 7], "texture": "#1"},
				"east": {"uv": [0, 0, 2, 7], "texture": "#1"},
				"south": {"uv": [0, 0, 1, 7], "texture": "#1"},
				"west": {"uv": [0, 0, 2, 7], "texture": "#1"},
				"up": {"uv": [0, 0, 1, 2], "texture": "#1"},
				"down": {"uv": [0, 0, 1, 2], "texture": "#1"}
			}
		},
		{
			"name": "hood4",
			"from": [4.5, 7, 9],
			"to": [11.5, 8, 11],
			"faces": {
				"north": {"uv": [0, 0, 7, 1], "texture": "#1"},
				"east": {"uv": [0, 0, 2, 1], "texture": "#1"},
				"south": {"uv": [0, 0, 7, 1], "texture": "#1"},
				"west": {"uv": [0, 0, 2, 1], "texture": "#1"},
				"up": {"uv": [0, 0, 7, 2], "texture": "#1"},
				"down": {"uv": [0, 0, 7, 2], "texture": "#1"}
			}
		},
		{
			"name": "hood3",
			"from": [10.5, 0, 9],
			"to": [11.5, 7, 11],
			"faces": {
				"north": {"uv": [0, 0, 1, 7], "texture": "#1"},
				"east": {"uv": [0, 0, 2, 7], "texture": "#1"},
				"south": {"uv": [0, 0, 1, 7], "texture": "#1"},
				"west": {"uv": [0, 0, 2, 7], "texture": "#1"},
				"up": {"uv": [0, 0, 1, 2], "texture": "#1"},
				"down": {"uv": [0, 0, 1, 2], "texture": "#1"}
			}
		},
		{
			"name": "dark 1",
			"from": [5.5, 0, 6.95],
			"to": [10.5, 7, 6.95],
			"faces": {
				"north": {"uv": [0, 0, 5, 7], "texture": "#2"}
			}
		},
		{
			"name": "dark 2",
			"from": [5.5, 0, 9.05],
			"to": [10.5, 7, 9.05],
			"faces": {
				"south": {"uv": [0, 0, 5, 7], "texture": "#2"}
			}
		},
		{
			"name": "lamp_travel_front",
			"from": [5.5, 0, 6.9],
			"to": [10.5, 7, 6.9],
			"faces": {
				"north": {"uv": [0, 0, 5, 7], "texture": "#lamp_travel_front"}
			}
		},
		{
			"name": "lamp_travel_back",
			"from": [5.5, 0, 9.1],
			"to": [10.5, 7, 9.1],
			"faces": {
				"south": {"uv": [0, 0, 5, 7], "texture": "#lamp_travel_back"}
			}
		}
	],
	"groups": [
		{
			"name": "hood",
			"origin": [0, 0, 0],
			"color": 0,
			"children": [0, 1, 2, 3, 4, 5, 6, 7, 8]
		},
		{
			"name": "signal",
			"origin": [8, 8, 8],
			"color": 0,
			"children": [9, 10]
		}
	]
}