{
	"credit": "Made with Blockbench by SkywalkerValle",
	"textures": {
		"0": "opensignals:blocks/svc/shield_black",
		"particle": "opensignals:blocks/svc/shield_black",
		"signal_front_Zp9": "opensignals:blocks/svc/travel_lamps/off",
		"signal_back_Zp9": "opensignals:blocks/svc/travel_lamps/off",
		"lamp_travel_front": "opensignals:blocks/svc/travel_lamps/off",
		"lamp_travel_back": "opensignals:blocks/svc/travel_lamps/off",
		"1": "opensignals:blocks/svc/travel_lamps/off"
	},
	"elements": [
		{
			"name": "signal_front_Zp9",
			"from": [1.5, 0, 6.9],
			"to": [6.5, 7, 6.9],
			"faces": {
				"north": {"uv": [0, 0, 5, 7], "texture": "#signal_front_Zp9"}
			}
		},
		{
			"name": "signal_back_Zp9",
			"from": [1.5, 0, 9.1],
			"to": [6.5, 7, 9.1],
			"faces": {
				"south": {"uv": [0, 0, 5, 7], "texture": "#signal_back_Zp9"}
			}
		},
		{
			"name": "hood1",
			"from": [0, 0, 7],
			"to": [8, 8, 9],
			"faces": {
				"north": {"uv": [0, 0, 8, 8], "texture": "#0"},
				"east": {"uv": [0, 0, 2, 8], "texture": "#0"},
				"south": {"uv": [0, 0, 8, 8], "texture": "#0"},
				"west": {"uv": [0, 0, 2, 8], "texture": "#0"},
				"up": {"uv": [0, 0, 8, 2], "texture": "#0"},
				"down": {"uv": [0, 0, 8, 2], "texture": "#0"}
			}
		},
		{
			"name": "hood2",
			"from": [0.5, 0, 5],
			"to": [1.5, 7, 7],
			"faces": {
				"north": {"uv": [0, 0, 1, 7], "texture": "#0"},
				"east": {"uv": [0, 0, 2, 7], "texture": "#0"},
				"south": {"uv": [0, 0, 1, 7], "texture": "#0"},
				"west": {"uv": [0, 0, 2, 7], "texture": "#0"},
				"up": {"uv": [0, 0, 1, 2], "texture": "#0"},
				"down": {"uv": [0, 0, 1, 2], "texture": "#0"}
			}
		},
		{
			"name": "hood2",
			"from": [0.5, 0, 9],
			"to": [1.5, 7, 11],
			"faces": {
				"north": {"uv": [0, 0, 1, 7], "texture": "#0"},
				"east": {"uv": [0, 0, 2, 7], "texture": "#0"},
				"south": {"uv": [0, 0, 1, 7], "texture": "#0"},
				"west": {"uv": [0, 0, 2, 7], "texture": "#0"},
				"up": {"uv": [0, 0, 1, 2], "texture": "#0"},
				"down": {"uv": [0, 0, 1, 2], "texture": "#0"}
			}
		},
		{
			"name": "hood3",
			"from": [6.5, 0, 5],
			"to": [7.5, 7, 7],
			"faces": {
				"north": {"uv": [0, 0, 1, 7], "texture": "#0"},
				"east": {"uv": [0, 0, 2, 7], "texture": "#0"},
				"south": {"uv": [0, 0, 1, 7], "texture": "#0"},
				"west": {"uv": [0, 0, 2, 7], "texture": "#0"},
				"up": {"uv": [0, 0, 1, 2], "texture": "#0"},
				"down": {"uv": [0, 0, 1, 2], "texture": "#0"}
			}
		},
		{
			"name": "hood4",
			"from": [0.5, 7, 5],
			"to": [7.5, 8, 7],
			"faces": {
				"north": {"uv": [0, 0, 7, 1], "texture": "#0"},
				"east": {"uv": [0, 0, 2, 1], "texture": "#0"},
				"south": {"uv": [0, 0, 7, 1], "texture": "#0"},
				"west": {"uv": [0, 0, 2, 1], "texture": "#0"},
				"up": {"uv": [0, 0, 7, 2], "texture": "#0"},
				"down": {"uv": [0, 0, 7, 2], "texture": "#0"}
			}
		},
		{
			"name": "hood4",
			"from": [0.5, 7, 9],
			"to": [7.5, 8, 11],
			"faces": {
				"north": {"uv": [0, 0, 7, 1], "texture": "#0"},
				"east": {"uv": [0, 0, 2, 1], "texture": "#0"},
				"south": {"uv": [0, 0, 7, 1], "texture": "#0"},
				"west": {"uv": [0, 0, 2, 1], "texture": "#0"},
				"up": {"uv": [0, 0, 7, 2], "texture": "#0"},
				"down": {"uv": [0, 0, 7, 2], "texture": "#0"}
			}
		},
		{
			"name": "hood3",
			"from": [6.5, 0, 9],
			"to": [7.5, 7, 11],
			"faces": {
				"north": {"uv": [0, 0, 1, 7], "texture": "#0"},
				"east": {"uv": [0, 0, 2, 7], "texture": "#0"},
				"south": {"uv": [0, 0, 1, 7], "texture": "#0"},
				"west": {"uv": [0, 0, 2, 7], "texture": "#0"},
				"up": {"uv": [0, 0, 1, 2], "texture": "#0"},
				"down": {"uv": [0, 0, 1, 2], "texture": "#0"}
			}
		},
		{
			"name": "hood2",
			"from": [8.5, 0, 5],
			"to": [9.5, 7, 7],
			"faces": {
				"north": {"uv": [0, 0, 1, 7], "texture": "#0"},
				"east": {"uv": [0, 0, 2, 7], "texture": "#0"},
				"south": {"uv": [0, 0, 1, 7], "texture": "#0"},
				"west": {"uv": [0, 0, 2, 7], "texture": "#0"},
				"up": {"uv": [0, 0, 1, 2], "texture": "#0"},
				"down": {"uv": [0, 0, 1, 2], "texture": "#0"}
			}
		},
		{
			"name": "hood1",
			"from": [8, 0, 7],
			"to": [16, 8, 9],
			"faces": {
				"north": {"uv": [0, 0, 8, 8], "texture": "#0"},
				"east": {"uv": [0, 0, 2, 8], "texture": "#0"},
				"south": {"uv": [0, 0, 8, 8], "texture": "#0"},
				"west": {"uv": [0, 0, 2, 8], "texture": "#0"},
				"up": {"uv": [0, 0, 8, 2], "texture": "#0"},
				"down": {"uv": [0, 0, 8, 2], "texture": "#0"}
			}
		},
		{
			"name": "dark 1",
			"from": [1.5, 0, 9.05],
			"to": [6.5, 7, 9.05],
			"faces": {
				"south": {"uv": [0, 0, 5, 7], "texture": "#1"}
			}
		},
		{
			"name": "dark 2",
			"from": [1.5, 0, 6.95],
			"to": [6.5, 7, 6.95],
			"faces": {
				"north": {"uv": [0, 0, 5, 7], "texture": "#1"}
			}
		},
		{
			"name": "dark 3",
			"from": [9.5, 0, 9.05],
			"to": [14.5, 7, 9.05],
			"faces": {
				"south": {"uv": [0, 0, 5, 7], "texture": "#1"}
			}
		},
		{
			"name": "dark 4",
			"from": [9.5, 0, 6.95],
			"to": [14.5, 7, 6.95],
			"faces": {
				"north": {"uv": [0, 0, 5, 7], "texture": "#1"}
			}
		},
		{
			"name": "hood2",
			"from": [8.5, 0, 9],
			"to": [9.5, 7, 11],
			"faces": {
				"north": {"uv": [0, 0, 1, 7], "texture": "#0"},
				"east": {"uv": [0, 0, 2, 7], "texture": "#0"},
				"south": {"uv": [0, 0, 1, 7], "texture": "#0"},
				"west": {"uv": [0, 0, 2, 7], "texture": "#0"},
				"up": {"uv": [0, 0, 1, 2], "texture": "#0"},
				"down": {"uv": [0, 0, 1, 2], "texture": "#0"}
			}
		},
		{
			"name": "hood3",
			"from": [14.5, 0, 5],
			"to": [15.5, 7, 7],
			"faces": {
				"north": {"uv": [0, 0, 1, 7], "texture": "#0"},
				"east": {"uv": [0, 0, 2, 7], "texture": "#0"},
				"south": {"uv": [0, 0, 1, 7], "texture": "#0"},
				"west": {"uv": [0, 0, 2, 7], "texture": "#0"},
				"up": {"uv": [0, 0, 1, 2], "texture": "#0"},
				"down": {"uv": [0, 0, 1, 2], "texture": "#0"}
			}
		},
		{
			"name": "hood4",
			"from": [8.5, 7, 5],
			"to": [15.5, 8, 7],
			"faces": {
				"north": {"uv": [0, 0, 7, 1], "texture": "#0"},
				"east": {"uv": [0, 0, 2, 1], "texture": "#0"},
				"south": {"uv": [0, 0, 7, 1], "texture": "#0"},
				"west": {"uv": [0, 0, 2, 1], "texture": "#0"},
				"up": {"uv": [0, 0, 7, 2], "texture": "#0"},
				"down": {"uv": [0, 0, 7, 2], "texture": "#0"}
			}
		},
		{
			"name": "hood4",
			"from": [8.5, 7, 9],
			"to": [15.5, 8, 11],
			"faces": {
				"north": {"uv": [0, 0, 7, 1], "texture": "#0"},
				"east": {"uv": [0, 0, 2, 1], "texture": "#0"},
				"south": {"uv": [0, 0, 7, 1], "texture": "#0"},
				"west": {"uv": [0, 0, 2, 1], "texture": "#0"},
				"up": {"uv": [0, 0, 7, 2], "texture": "#0"},
				"down": {"uv": [0, 0, 7, 2], "texture": "#0"}
			}
		},
		{
			"name": "hood3",
			"from": [14.5, 0, 9],
			"to": [15.5, 7, 11],
			"faces": {
				"north": {"uv": [0, 0, 1, 7], "texture": "#0"},
				"east": {"uv": [0, 0, 2, 7], "texture": "#0"},
				"south": {"uv": [0, 0, 1, 7], "texture": "#0"},
				"west": {"uv": [0, 0, 2, 7], "texture": "#0"},
				"up": {"uv": [0, 0, 1, 2], "texture": "#0"},
				"down": {"uv": [0, 0, 1, 2], "texture": "#0"}
			}
		},
		{
			"name": "lamp_travel_front",
			"from": [9.5, 0, 6.9],
			"to": [14.5, 7, 6.9],
			"faces": {
				"north": {"uv": [0, 0, 5, 7], "texture": "#lamp_travel_front"}
			}
		},
		{
			"name": "lamp_travel_back",
			"from": [9.5, 0, 9.1],
			"to": [14.5, 7, 9.1],
			"faces": {
				"south": {"uv": [0, 0, 5, 7], "texture": "#lamp_travel_back"}
			}
		}
	],
	"groups": [
		{
			"name": "Zp9",
			"origin": [-2, 25, 38],
			"color": 0,
			"children": [
				{
					"name": "signal",
					"origin": [-2, 25, 38],
					"color": 0,
					"children": [0, 1]
				},
				{
					"name": "hood",
					"origin": [-2, 25, 38],
					"color": 0,
					"children": [2, 3, 4, 5, 6, 7, 8, 9, 10, 11, 12, 13, 14]
				}
			]
		},
		{
			"name": "travelindicator",
			"origin": [-2, 25, 38],
			"color": 0,
			"children": [
				{
					"name": "hood",
					"origin": [-2, 25, 38],
					"color": 0,
					"children": [15, 16, 17, 18, 19]
				},
				{
					"name": "signal",
					"origin": [-2, 25, 38],
					"color": 0,
					"children": [20, 21]
				}
			]
		}
	]
}