{
	"credit": "Made with Blockbench by SkywalkerValle",
	"textures": {
		"0": "opensignals:blocks/svc/shield_black",
		"1": "opensignals:blocks/svc/travel_lamps/off",
		"particle": "opensignals:blocks/svc/shield_black",
		"signal_front_Zp9": "opensignals:blocks/svc/travel_lamps/off",
		"signal_back_Zp9": "opensignals:blocks/svc/travel_lamps/off",
		"lamp_travel_front": "opensignals:blocks/svc/travel_lamps/off",
		"lamp_travel_back": "opensignals:blocks/svc/travel_lamps/off"
	},
	"elements": [
		{
			"name": "signal_front_Zp9",
			"from": [5.5, 8, 6.9],
			"to": [10.5, 15, 6.9],
			"faces": {
				"north": {"uv": [0, 0, 5, 7], "texture": "#signal_back_Zp9"}
			}
		},
		{
			"name": "signal_back_Zp9",
			"from": [5.5, 8, 9.1],
			"to": [10.5, 15, 9.1],
			"faces": {
				"south": {"uv": [0, 0, 5, 7], "texture": "#signal_back_Zp9"}
			}
		},
		{
			"name": "dark 1",
			"from": [5.5, 8, 6.95],
			"to": [10.5, 15, 6.95],
			"faces": {
				"north": {"uv": [0, 0, 5, 7], "texture": "#1"}
			}
		},
		{
			"name": "dark 2",
			"from": [5.5, 8, 9.05],
			"to": [10.5, 15, 9.05],
			"faces": {
				"south": {"uv": [0, 0, 5, 7], "texture": "#1"}
			}
		},
		{
			"name": "dark4",
			"from": [5.5, 0, 9.05],
			"to": [10.5, 7, 9.05],
			"faces": {
				"south": {"uv": [0, 0, 5, 7], "texture": "#1"}
			}
		},
		{
			"name": "dark3",
			"from": [5.5, 0, 6.95],
			"to": [10.5, 7, 6.95],
			"faces": {
				"north": {"uv": [0, 0, 5, 7], "texture": "#1"}
			}
		},
		{
			"name": "hood2",
			"from": [4.5, 8, 5],
			"to": [5.5, 15, 7],
			"faces": {
				"north": {"uv": [0, 0, 1, 7], "texture": "#0"},
				"east": {"uv": [0, 0, 2, 7], "texture": "#0"},
				"south": {"uv": [0, 0, 1, 7], "texture": "#0"},
				"west": {"uv": [0, 0, 2, 7], "texture": "#0"},
				"up": {"uv": [0, 0, 1, 2], "texture": "#0"},
				"down": {"uv": [0, 0, 1, 2], "texture": "#0"}
			}
		},
		{
			"name": "hood2",
			"from": [4.5, 8, 9],
			"to": [5.5, 15, 11],
			"faces": {
				"north": {"uv": [0, 0, 1, 7], "texture": "#0"},
				"east": {"uv": [0, 0, 2, 7], "texture": "#0"},
				"south": {"uv": [0, 0, 1, 7], "texture": "#0"},
				"west": {"uv": [0, 0, 2, 7], "texture": "#0"},
				"up": {"uv": [0, 0, 1, 2], "texture": "#0"},
				"down": {"uv": [0, 0, 1, 2], "texture": "#0"}
			}
		},
		{
			"name": "hood3",
			"from": [10.5, 8, 5],
			"to": [11.5, 15, 7],
			"faces": {
				"north": {"uv": [0, 0, 1, 7], "texture": "#0"},
				"east": {"uv": [0, 0, 2, 7], "texture": "#0"},
				"south": {"uv": [0, 0, 1, 7], "texture": "#0"},
				"west": {"uv": [0, 0, 2, 7], "texture": "#0"},
				"up": {"uv": [0, 0, 1, 2], "texture": "#0"},
				"down": {"uv": [0, 0, 1, 2], "texture": "#0"}
			}
		},
		{
			"name": "hood4",
			"from": [4.5, 15, 5],
			"to": [11.5, 16, 7],
			"faces": {
				"north": {"uv": [0, 0, 7, 1], "texture": "#0"},
				"east": {"uv": [0, 0, 2, 1], "texture": "#0"},
				"south": {"uv": [0, 0, 7, 1], "texture": "#0"},
				"west": {"uv": [0, 0, 2, 1], "texture": "#0"},
				"up": {"uv": [0, 0, 7, 2], "texture": "#0"},
				"down": {"uv": [0, 0, 7, 2], "texture": "#0"}
			}
		},
		{
			"name": "hood4",
			"from": [4.5, 15, 9],
			"to": [11.5, 16, 11],
			"faces": {
				"north": {"uv": [0, 0, 7, 1], "texture": "#0"},
				"east": {"uv": [0, 0, 2, 1], "texture": "#0"},
				"south": {"uv": [0, 0, 7, 1], "texture": "#0"},
				"west": {"uv": [0, 0, 2, 1], "texture": "#0"},
				"up": {"uv": [0, 0, 7, 2], "texture": "#0"},
				"down": {"uv": [0, 0, 7, 2], "texture": "#0"}
			}
		},
		{
			"name": "hood3",
			"from": [10.5, 8, 9],
			"to": [11.5, 15, 11],
			"faces": {
				"north": {"uv": [0, 0, 1, 7], "texture": "#0"},
				"east": {"uv": [0, 0, 2, 7], "texture": "#0"},
				"south": {"uv": [0, 0, 1, 7], "texture": "#0"},
				"west": {"uv": [0, 0, 2, 7], "texture": "#0"},
				"up": {"uv": [0, 0, 1, 2], "texture": "#0"},
				"down": {"uv": [0, 0, 1, 2], "texture": "#0"}
			}
		},
		{
			"name": "hood1",
			"from": [4, 0, 7],
			"to": [12, 16, 9],
			"faces": {
				"north": {"uv": [0, 0, 8, 16], "texture": "#0"},
				"east": {"uv": [0, 0, 2, 16], "texture": "#0"},
				"south": {"uv": [0, 0, 8, 16], "texture": "#0"},
				"west": {"uv": [0, 0, 2, 16], "texture": "#0"},
				"up": {"uv": [0, 0, 8, 2], "texture": "#0"},
				"down": {"uv": [0, 0, 8, 2], "texture": "#0"}
			}
		},
		{
			"name": "hood2",
			"from": [4.5, 0, 5],
			"to": [5.5, 7, 7],
			"faces": {
				"north": {"uv": [0, 0, 1, 7], "texture": "#0"},
				"east": {"uv": [0, 0, 2, 7], "texture": "#0"},
				"south": {"uv": [0, 0, 1, 7], "texture": "#0"},
				"west": {"uv": [0, 0, 2, 7], "texture": "#0"},
				"up": {"uv": [0, 0, 1, 2], "texture": "#0"},
				"down": {"uv": [0, 0, 1, 2], "texture": "#0"}
			}
		},
		{
			"name": "hood2",
			"from": [4.5, 0, 9],
			"to": [5.5, 7, 11],
			"faces": {
				"north": {"uv": [0, 0, 1, 7], "texture": "#0"},
				"east": {"uv": [0, 0, 2, 7], "texture": "#0"},
				"south": {"uv": [0, 0, 1, 7], "texture": "#0"},
				"west": {"uv": [0, 0, 2, 7], "texture": "#0"},
				"up": {"uv": [0, 0, 1, 2], "texture": "#0"},
				"down": {"uv": [0, 0, 1, 2], "texture": "#0"}
			}
		},
		{
			"name": "hood3",
			"from": [10.5, 0, 5],
			"to": [11.5, 7, 7],
			"faces": {
				"north": {"uv": [0, 0, 1, 7], "texture": "#0"},
				"east": {"uv": [0, 0, 2, 7], "texture": "#0"},
				"south": {"uv": [0, 0, 1, 7], "texture": "#0"},
				"west": {"uv": [0, 0, 2, 7], "texture": "#0"},
				"up": {"uv": [0, 0, 1, 2], "texture": "#0"},
				"down": {"uv": [0, 0, 1, 2], "texture": "#0"}
			}
		},
		{
			"name": "hood4",
			"from": [4.5, 7, 5],
			"to": [11.5, 8, 7],
			"faces": {
				"north": {"uv": [0, 0, 7, 1], "texture": "#0"},
				"east": {"uv": [0, 0, 2, 1], "texture": "#0"},
				"south": {"uv": [0, 0, 7, 1], "texture": "#0"},
				"west": {"uv": [0, 0, 2, 1], "texture": "#0"},
				"up": {"uv": [0, 0, 7, 2], "texture": "#0"},
				"down": {"uv": [0, 0, 7, 2], "texture": "#0"}
			}
		},
		{
			"name": "hood4",
			"from": [4.5, 7, 9],
			"to": [11.5, 8, 11],
			"faces": {
				"north": {"uv": [0, 0, 7, 1], "texture": "#0"},
				"east": {"uv": [0, 0, 2, 1], "texture": "#0"},
				"south": {"uv": [0, 0, 7, 1], "texture": "#0"},
				"west": {"uv": [0, 0, 2, 1], "texture": "#0"},
				"up": {"uv": [0, 0, 7, 2], "texture": "#0"},
				"down": {"uv": [0, 0, 7, 2], "texture": "#0"}
			}
		},
		{
			"name": "hood3",
			"from": [10.5, 0, 9],
			"to": [11.5, 7, 11],
			"faces": {
				"north": {"uv": [0, 0, 1, 7], "texture": "#0"},
				"east": {"uv": [0, 0, 2, 7], "texture": "#0"},
				"south": {"uv": [0, 0, 1, 7], "texture": "#0"},
				"west": {"uv": [0, 0, 2, 7], "texture": "#0"},
				"up": {"uv": [0, 0, 1, 2], "texture": "#0"},
				"down": {"uv": [0, 0, 1, 2], "texture": "#0"}
			}
		},
		{
			"name": "lamp_travel_front",
			"from": [5.5, 0, 6.9],
			"to": [10.5, 7, 6.9],
			"faces": {
				"north": {"uv": [0, 0, 5, 7], "texture": "#lamp_travel_front"}
			}
		},
		{
			"name": "lamp_travel_back",
			"from": [5.5, 0, 9.1],
			"to": [10.5, 7, 9.1],
			"faces": {
				"south": {"uv": [0, 0, 5, 7], "texture": "#lamp_travel_back"}
			}
		}
	],
	"groups": [
		{
			"name": "Zp9",
			"origin": [-2, 25, 38],
			"color": 0,
			"children": [
				{
					"name": "signal",
					"origin": [-2, 25, 38],
					"color": 0,
					"children": [0, 1]
				},
				{
					"name": "hood",
					"origin": [-2, 25, 38],
					"color": 0,
					"children": [2, 3, 4, 5, 6, 7, 8, 9, 10, 11, 12, 13]
				},
				{
					"name": "travelindicator",
					"origin": [-2, 25, 38],
					"color": 0,
					"children": [
						{
							"name": "hood",
							"origin": [-2, 25, 38],
							"color": 0,
							"children": [14, 15, 16, 17, 18]
						},
						{
							"name": "signal",
							"origin": [-2, 25, 38],
							"color": 0,
							"children": [19, 20]
						}
					]
				}
			]
		}
	]
}