{
    "currentSignals": ["svctravel"],
        "nextSignals": ["hvks", "hvksbrg"],
        "savedPredicates": {
            "stop": "config(HVKS_MAIN.HP0) || config(HVKS_ZS1.TRUE) || config(HVKS_ZS7.TRUE) || config(HVKS_ZS8.TRUE) || config(HVKS_SH1.TRUE)",
            "drive": "config(HVKS_MAIN.HP1) || config(HVKS_MAIN.HP2)" 
    },
    "values": {
        "map(stop)": ["SVCTRAVELINDICATOR.OFF","SVCTRAVELINDICATOREXIT.OFF", "SVCVERTICALINDICATOR.OFF", "SVCVERTICALINDICATOREXIT.OFF", "SVCHORIZONTALINDICATOR.OFF", "SVCHORIZONTALINDICATOREXIT.OFF"],
        "map(drive)": ["SVCTRAVELINDICATOR.TRAVEL","SVCTRAVELINDICATOREXIT.TRAVEL", "SVCVERTICALINDICATOR.TRAVEL", "SVCVERTICALINDICATOREXIT.TRAVEL", "SVCHORIZONTALINDICATOR.TRAVEL", "SVCHORIZONTALINDICATOREXIT.TRAVEL"]
    }
}