{
	"credit": "Made with Blockbench",
	"textures": {
		"7": "blocks/concrete_powder_white",
		"particle": "blocks/concrete_powder_white"
	},
	"elements": [
		{
			"from": [3, 11, 6],
			"to": [8, 19, 10],
			"faces": {
				"north": {"uv": [2, 0, 12, 16], "texture": "#7"},
				"east": {"uv": [8, 2, 16, 16], "texture": "#7"},
				"south": {"uv": [11, 2, 1, 16], "texture": "#7"},
				"west": {"uv": [4, 2, 12, 16], "texture": "#7"},
				"up": {"uv": [0, 6, 7, 16], "rotation": 90, "texture": "#7"},
				"down": {"uv": [8, 0, 15, 10], "rotation": 270, "texture": "#7"}
			}
		},
		{
			"from": [3, 3, 6],
			"to": [8, 11, 10],
			"faces": {
				"north": {"uv": [4, 0, 14, 16], "texture": "#7"},
				"east": {"uv": [8, 2, 16, 16], "texture": "#7"},
				"south": {"uv": [11, 2, 1, 16], "texture": "#7"},
				"west": {"uv": [4, 2, 12, 16], "texture": "#7"},
				"up": {"uv": [0, 6, 7, 16], "rotation": 90, "texture": "#7"},
				"down": {"uv": [8, 0, 15, 10], "rotation": 270, "texture": "#7"}
			}
		},
		{
			"from": [8, 11, 6],
			"to": [13, 19, 10],
			"faces": {
				"north": {"uv": [3, 0, 13, 16], "texture": "#7"},
				"east": {"uv": [4, 1, 12, 15], "texture": "#7"},
				"south": {"uv": [13, 0, 3, 14], "texture": "#7"},
				"west": {"uv": [3, 1, 11, 15], "texture": "#7"},
				"up": {"uv": [1, 6, 8, 16], "rotation": 90, "texture": "#7"},
				"down": {"uv": [8, 2, 15, 12], "rotation": 270, "texture": "#7"}
			}
		},
		{
			"from": [8, 3, 6],
			"to": [13, 11, 10],
			"faces": {
				"north": {"uv": [1, 0, 11, 16], "texture": "#7"},
				"east": {"uv": [4, 1, 12, 15], "texture": "#7"},
				"south": {"uv": [13, 0, 3, 14], "texture": "#7"},
				"west": {"uv": [3, 1, 11, 15], "texture": "#7"},
				"up": {"uv": [1, 6, 8, 16], "rotation": 90, "texture": "#7"},
				"down": {"uv": [8, 2, 15, 12], "rotation": 270, "texture": "#7"}
			}
		},
		{
			"from": [3, 0, 6],
			"to": [8, 3, 10],
			"faces": {
				"north": {"uv": [3, 6, 13, 12], "texture": "#7"},
				"east": {"uv": [4, 1, 12, 15], "texture": "#7"},
				"south": {"uv": [14, 6, 4, 12], "texture": "#7"},
				"west": {"uv": [4, 5, 12, 11], "texture": "#7"},
				"up": {"uv": [1, 6, 8, 16], "rotation": 90, "texture": "#7"},
				"down": {"uv": [8, 2, 15, 12], "rotation": 270, "texture": "#7"}
			}
		},
		{
			"from": [8, 0, 6],
			"to": [13, 3, 10],
			"faces": {
				"north": {"uv": [4, 6, 14, 12], "texture": "#7"},
				"east": {"uv": [9, 6, 16, 12], "texture": "#7"},
				"south": {"uv": [15, 6, 6, 12], "texture": "#7"},
				"west": {"uv": [3, 1, 11, 15], "texture": "#7"},
				"up": {"uv": [1, 6, 8, 16], "rotation": 90, "texture": "#7"},
				"down": {"uv": [8, 2, 15, 12], "rotation": 270, "texture": "#7"}
			}
		},
		{
			"from": [4, 19, 6],
			"to": [12, 20, 10],
			"faces": {
				"north": {"uv": [0, 8, 16, 10], "texture": "#7"},
				"east": {"uv": [7, 6, 15, 8], "texture": "#7"},
				"south": {"uv": [0, 5, 16, 7], "texture": "#7"},
				"west": {"uv": [6, 8, 14, 10], "texture": "#7"},
				"up": {"uv": [2, 0, 10, 16], "rotation": 90, "texture": "#7"},
				"down": {"uv": [4, 0, 12, 16], "rotation": 270, "texture": "#7"}
			}
		}
	]
}