{
	"credit": "Made with Blockbench",
	"texture_size": [64, 64],
	"textures": {
		"0": "opensignals:blocks/metalhm/fern/fern"
	},
	"elements": [
		{
			"from": [7.25, 0, 14.25],
			"to": [8.75, 16, 15.75],
			"faces": {
				"north": {"uv": [14.125, 11.5, 14.5, 15.5], "texture": "#0"},
				"east": {"uv": [14, 12, 14.375, 16], "texture": "#0"},
				"south": {"uv": [14.125, 12, 14.5, 16], "texture": "#0"},
				"west": {"uv": [14, 12, 14.375, 16], "texture": "#0"},
				"up": {"uv": [14.25, 16, 13.875, 15.625], "texture": "#0"},
				"down": {"uv": [14.375, 15.625, 14, 16], "texture": "#0"}
			}
		},
		{
			"from": [3.75, 16, 11.5],
			"to": [12.25, 28.75, 16],
			"faces": {
				"north": {"uv": [11.75, 0, 16, 6.5], "texture": "#0"},
				"east": {"uv": [3, 0, 5.25, 6.5], "texture": "#0"},
				"south": {"uv": [7.5, 0, 11.75, 6.5], "texture": "#0"},
				"west": {"uv": [5.25, 0, 7.5, 6.5], "texture": "#0"},
				"up": {"uv": [11.75, 6.5, 16, 8.75], "texture": "#0"},
				"down": {"uv": [7.5, 6.5, 11.75, 8.75], "texture": "#0"}
			}
		},
		{
			"from": [5.75, 10, 14.25],
			"to": [7.25, 16, 14.25],
			"faces": {
				"north": {"uv": [15.625, 14.5, 16, 16], "texture": "#0"},
				"east": {"uv": [16, 14.5, 16, 16], "texture": "#0"},
				"south": {"uv": [14.625, 14.5, 15, 16], "texture": "#0"},
				"west": {"uv": [16, 14.5, 16, 16], "texture": "#0"},
				"up": {"uv": [16, 16, 15.625, 16], "texture": "#0"},
				"down": {"uv": [16, 16, 15.625, 16], "texture": "#0"}
			}
		},
		{
			"from": [8.75, 10, 14.25],
			"to": [10.25, 16, 14.25],
			"faces": {
				"north": {"uv": [14.875, 14.5, 15.25, 16], "texture": "#0"},
				"east": {"uv": [16, 14.5, 16, 16], "texture": "#0"},
				"south": {"uv": [15.625, 14.5, 16, 16], "texture": "#0"},
				"west": {"uv": [16, 14.5, 16, 16], "texture": "#0"},
				"up": {"uv": [16, 16, 15.625, 16], "texture": "#0"},
				"down": {"uv": [15.875, 16, 15.5, 16], "texture": "#0"}
			}
		},
		{
			"from": [7, 10, 14],
			"to": [9, 12, 14.25],
			"faces": {
				"north": {"uv": [0.5, 15.25, 1, 15.75], "texture": "#0"},
				"east": {"uv": [0, 15.5, 0.125, 16], "texture": "#0"},
				"south": {"uv": [0, 15.5, 0.5, 16], "texture": "#0"},
				"west": {"uv": [0, 15.5, 0.125, 16], "texture": "#0"},
				"up": {"uv": [0.5, 16, 0, 15.875], "texture": "#0"},
				"down": {"uv": [0.5, 15.875, 0, 16], "texture": "#0"}
			}
		},
		{
			"from": [6.75, 12, 13.75],
			"to": [9.25, 14, 14.25],
			"faces": {
				"north": {"uv": [0, 15.25, 0.625, 15.75], "texture": "#0"},
				"east": {"uv": [0, 15.5, 0.125, 16], "texture": "#0"},
				"south": {"uv": [0, 15.5, 0.625, 16], "texture": "#0"},
				"west": {"uv": [0, 15.5, 0.125, 16], "texture": "#0"},
				"up": {"uv": [0.625, 15.75, 0, 15.625], "texture": "#0"},
				"down": {"uv": [0.625, 15.875, 0, 16], "texture": "#0"}
			}
		}
	],
	"groups": [
		{
			"name": "bone",
			"origin": [0, 0, 0],
			"color": 0,
			"children": [0, 1, 2, 3, 4, 5]
		}
	]
}