{
	"credit": "Made with Blockbench",
	"textures": {
		"0": "opensignals:blocks/metalhm/fern/fern"
	},
	"elements": [
		{
			"from": [3.75, 16, 11.5],
			"to": [12.25, 28.75, 16],
			"faces": {
				"north": {"uv": [11.75, 0, 16, 6.5], "texture": "#0"},
				"east": {"uv": [3, 0, 5.25, 6.5], "texture": "#0"},
				"south": {"uv": [7.5, 0, 11.75, 6.5], "texture": "#0"},
				"west": {"uv": [5.25, 0, 7.5, 6.5], "texture": "#0"},
				"up": {"uv": [11.75, 6.5, 16, 8.75], "texture": "#0"},
				"down": {"uv": [7.5, 6.5, 11.75, 8.75], "texture": "#0"}
			}
		}
	],
	"groups": [
		{
			"name": "bone",
			"origin": [0, 0, 0],
			"color": 0,
			"children": [0]
		}
	]
}