{
    "SVCTRAVELTYPE":
    [
        "OFF",
        "SVCTRAVEL_INDICATOR",
        "SVCTRAVEL_INDICATOREXIT",
        "SVCVERTICAL_INDICATOR",
        "SVCVERTICAL_INDICATOREXIT",
        "SVCHORIZONTAL_INDICATOR",
        "SVCHORIZONTAL_INDICATOREXIT",
        "SVCBRAKE_INDICATOR",
        "SVCBRAKE_INDICATOR_DOUBLE"
    ],
    "SVCTRAVELINDICATOR":
    [
        "OFF",
        "TRAVEL",
        "ZP9"
    ],
    "SVCBOTHINDICATORTRAVEL":
    [
        "OFF",
        "TRAVEL"
    ],
    "SVCBOTHINDICATORZP9":
    [
        "OFF",
        "ZP9"
    ],
    "SVCBRAKEINDICATOR":
    [
        "OFF",
        "BRAKE",
        "RELEASE",
        "INORDER"
    ],
    "SVCBRAKEINDICATORDOUBLE":
    [
        "OFF",
        "BRAKE",
        "RELEASE",
        "INORDER"
    ],
    "SVCCONTROLLPANELTYPE":
    [
        "OFF",
        "SVCCONTROLLPANEL"
    ],
        "SVCCONTROLLPANEL":
    [
        "ON"
    ],
    "SVCCONTROLLPANEL_ARROW":
    [
        "OFF",
        "LEFT",
        "RIGHT"
    ],
        "SVCCONTROLLPANEL_GROUND":
    [
        "OFF",
        "STONE",
        "STONE_ANDESITE_SMOOTH",
        "COBBLESTONE",
        "STONEBRICK",
        "STONEBRICK_CARVED",
        "BRICK",
        "SANDSTONE",
        "RED_SANDSTONE",
        "CONCRETE_BLACK",
        "CONCRETE_GRAY",
        "CONCRETE_SILVER",
        "CONCRETE_WHITE",
        "CONCRETE_YELLOW",
        "CONCRETE_POWDER_BLACK",
        "CONCRETE_POWDER_SILVER",
        "CONCRETE_POWDER_WHITE"
    ]
}
