{
	"credit": "Made with Blockbench by SkywalkerValle",
	"textures": {
		"6": "opensignals:blocks/default/shield_gray",
		"9": "opensignals:blocks/default/white",
		"10": "opensignals:blocks/default/yellow",
		"lamp_zp10_o": "opensignals:blocks/lamps/lamp_dark",
		"lamp_zp9_o": "opensignals:blocks/lamps/lamp_dark",
		"lamp_sm_o": "opensignals:blocks/lamps/lamp_dark",
		"particle": "opensignals:blocks/default/black"
	},
	"elements": [
		{
			"name": "mast",
			"from": [6, 0.1, 5],
			"to": [10, 27.5, 9],
			"rotation": {"angle": 0, "axis": "y", "origin": [0, -3.7, 0]},
			"faces": {
				"north": {"uv": [0, 0, 16, 16], "texture": "#10"},
				"east": {"uv": [0, 0, 8, 16], "texture": "#10"},
				"south": {"uv": [0, 0, 8, 16], "texture": "#10"},
				"west": {"uv": [0, 0, 8, 16], "texture": "#10"},
				"up": {"uv": [0, 0, 8, 8], "texture": "#10"},
				"down": {"uv": [0, 0, 8, 8], "texture": "#10"}
			}
		},
		{
			"name": "lamp_zp10_o",
			"from": [8.5, 22.2, 3.9],
			"to": [9.5, 23.2, 4.1],
			"rotation": {"angle": 0, "axis": "y", "origin": [0, 3.2, 0]},
			"faces": {
				"north": {"uv": [1, 1, 3, 3], "texture": "#lamp_zp10_o"},
				"east": {"uv": [1, 1, 1.2, 2], "texture": "#lamp_zp10_o"},
				"south": {"uv": [1, 1, 3, 3], "texture": "#lamp_zp10_o"},
				"west": {"uv": [1, 1, 1.2, 2], "texture": "#lamp_zp10_o"},
				"up": {"uv": [1, 1, 2, 1.2], "texture": "#lamp_zp10_o"},
				"down": {"uv": [2, 1, 3, 1.2], "texture": "#lamp_zp10_o"}
			}
		},
		{
			"name": "lamp_sm_o",
			"from": [6.5, 25, 3.9],
			"to": [7.5, 26, 4.9],
			"rotation": {"angle": 0, "axis": "y", "origin": [0, 2, 0]},
			"faces": {
				"north": {"uv": [1, 1, 3, 3], "texture": "#lamp_sm_o"},
				"east": {"uv": [1, 1, 2, 2], "texture": "#lamp_sm_o"},
				"south": {"uv": [1, 1, 2, 2], "texture": "#lamp_sm_o"},
				"west": {"uv": [1, 1, 2, 2], "rotation": 180, "texture": "#lamp_sm_o"},
				"up": {"uv": [1, 1, 2, 2], "rotation": 270, "texture": "#lamp_sm_o"},
				"down": {"uv": [2, 1, 3, 2], "texture": "#lamp_sm_o"}
			}
		},
		{
			"name": "lamp_zp9_o",
			"from": [6.5, 22.2, 3.9],
			"to": [7.5, 23.2, 4.1],
			"rotation": {"angle": 0, "axis": "y", "origin": [0, 3.2, 0]},
			"faces": {
				"north": {"uv": [1, 1, 3, 3], "texture": "#lamp_zp9_o"},
				"east": {"uv": [1, 1, 2, 1.2], "rotation": 270, "texture": "#lamp_zp9_o"},
				"south": {"uv": [2, 2, 3, 3], "texture": "#lamp_zp9_o"},
				"west": {"uv": [2, 1, 2.2, 2], "texture": "#lamp_zp9_o"},
				"up": {"uv": [1, 1, 2, 1.2], "texture": "#lamp_zp9_o"},
				"down": {"uv": [1, 2, 2, 2.2], "texture": "#lamp_zp9_o"}
			}
		},
		{
			"from": [6.5, 21.1, 3.3],
			"to": [7.5, 22.1, 3.7],
			"rotation": {"angle": 0, "axis": "y", "origin": [0, 4.1, 0.3]},
			"faces": {
				"north": {"uv": [0, 0, 1, 1], "texture": "#6"},
				"east": {"uv": [0, 0, 2, 1], "texture": "#6"},
				"south": {"uv": [0, 0, 1, 1], "texture": "#6"},
				"west": {"uv": [0, 0, 2, 1], "texture": "#6"},
				"up": {"uv": [0, 0, 1, 2], "texture": "#6"},
				"down": {"uv": [0, 0, 1, 2], "texture": "#6"}
			}
		},
		{
			"name": "name_o",
			"from": [6.5, 23.3, 3.975],
			"to": [9.5, 23.9, 4.175],
			"rotation": {"angle": 0, "axis": "y", "origin": [0, 3.9, 0.075]},
			"faces": {
				"north": {"uv": [0, 0, 16, 16], "texture": "#9"},
				"east": {"uv": [1, 1, 2, 1.2], "rotation": 270, "texture": "#9"},
				"south": {"uv": [2, 2, 3, 3], "texture": "#9"},
				"west": {"uv": [2, 1, 2.2, 2], "texture": "#9"},
				"up": {"uv": [1, 1, 2, 1.2], "texture": "#9"},
				"down": {"uv": [1, 2, 2, 2.2], "texture": "#9"}
			}
		},
		{
			"name": "name_u",
			"from": [6.5, 20.3, 3.975],
			"to": [9.5, 20.9, 4.175],
			"rotation": {"angle": 0, "axis": "y", "origin": [0, 0.9, 0.075]},
			"faces": {
				"north": {"uv": [1, 1, 3, 3], "texture": "#9"},
				"east": {"uv": [1, 1, 2, 1.2], "rotation": 270, "texture": "#9"},
				"south": {"uv": [2, 2, 3, 3], "texture": "#9"},
				"west": {"uv": [2, 1, 2.2, 2], "texture": "#9"},
				"up": {"uv": [1, 1, 2, 1.2], "texture": "#9"},
				"down": {"uv": [1, 2, 2, 2.2], "texture": "#9"}
			}
		},
		{
			"from": [6.8, 24.2, 3.7],
			"to": [7.3, 24.6, 4],
			"rotation": {"angle": 0, "axis": "y", "origin": [-2, 6.9, 0]},
			"faces": {
				"north": {"uv": [0, 0, 1, 1], "texture": "#6"},
				"east": {"uv": [0, 0, 2, 1], "texture": "#6"},
				"south": {"uv": [0, 0, 1, 1], "texture": "#6"},
				"west": {"uv": [0, 0, 2, 1], "texture": "#6"},
				"up": {"uv": [0, 0, 1, 2], "texture": "#6"},
				"down": {"uv": [0, 0, 1, 2], "texture": "#6"}
			}
		},
		{
			"from": [6.5, 23.9, 3.3],
			"to": [7.5, 24.9, 3.7],
			"rotation": {"angle": 0, "axis": "y", "origin": [0, 6.9, 0.3]},
			"faces": {
				"north": {"uv": [0, 0, 1, 1], "texture": "#6"},
				"east": {"uv": [0, 0, 2, 1], "texture": "#6"},
				"south": {"uv": [0, 0, 1, 1], "texture": "#6"},
				"west": {"uv": [0, 0, 2, 1], "texture": "#6"},
				"up": {"uv": [0, 0, 1, 2], "texture": "#6"},
				"down": {"uv": [0, 0, 1, 2], "texture": "#6"}
			}
		},
		{
			"from": [8.8, 21.4, 3.7],
			"to": [9.3, 21.8, 4],
			"rotation": {"angle": 0, "axis": "y", "origin": [0, 4.1, 0]},
			"faces": {
				"north": {"uv": [0, 0, 1, 1], "texture": "#6"},
				"east": {"uv": [0, 0, 2, 1], "texture": "#6"},
				"south": {"uv": [0, 0, 1, 1], "texture": "#6"},
				"west": {"uv": [0, 0, 2, 1], "texture": "#6"},
				"up": {"uv": [0, 0, 1, 2], "texture": "#6"},
				"down": {"uv": [0, 0, 1, 2], "texture": "#6"}
			}
		},
		{
			"from": [6.8, 21.4, 3.7],
			"to": [7.3, 21.8, 4],
			"rotation": {"angle": 0, "axis": "y", "origin": [-2, 4.1, 0]},
			"faces": {
				"north": {"uv": [0, 0, 1, 1], "texture": "#6"},
				"east": {"uv": [0, 0, 2, 1], "texture": "#6"},
				"south": {"uv": [0, 0, 1, 1], "texture": "#6"},
				"west": {"uv": [0, 0, 2, 1], "texture": "#6"},
				"up": {"uv": [0, 0, 1, 2], "texture": "#6"},
				"down": {"uv": [0, 0, 1, 2], "texture": "#6"}
			}
		},
		{
			"from": [8.5, 21.1, 3.3],
			"to": [9.5, 22.1, 3.7],
			"rotation": {"angle": 0, "axis": "y", "origin": [0, 4.1, 0.3]},
			"faces": {
				"north": {"uv": [0, 0, 1, 1], "texture": "#6"},
				"east": {"uv": [0, 0, 2, 1], "texture": "#6"},
				"south": {"uv": [0, 0, 1, 1], "texture": "#6"},
				"west": {"uv": [0, 0, 2, 1], "texture": "#6"},
				"up": {"uv": [0, 0, 1, 2], "texture": "#6"},
				"down": {"uv": [0, 0, 1, 2], "texture": "#6"}
			}
		},
		{
			"from": [6, 19.5, 4],
			"to": [10, 27.5, 5],
			"rotation": {"angle": 0, "axis": "y", "origin": [0, 3, 0]},
			"faces": {
				"north": {"uv": [0, 0, 4, 10], "texture": "#10"},
				"east": {"uv": [0, 0, 1, 10], "texture": "#10"},
				"south": {"uv": [0, 0, 4, 10], "texture": "#10"},
				"west": {"uv": [0, 0, 1, 10], "texture": "#10"},
				"up": {"uv": [0, 0, 4, 1], "texture": "#10"},
				"down": {"uv": [0, 0, 4, 1], "texture": "#10"}
			}
		},
		{
			"from": [6, 11.3, 4],
			"to": [10, 19.3, 5],
			"rotation": {"angle": 0, "axis": "y", "origin": [0, -5.2, 0]},
			"faces": {
				"north": {"uv": [0, 0, 4, 10], "texture": "#10"},
				"east": {"uv": [0, 0, 1, 10], "texture": "#10"},
				"south": {"uv": [0, 0, 4, 10], "texture": "#10"},
				"west": {"uv": [0, 0, 1, 10], "texture": "#10"},
				"up": {"uv": [0, 0, 4, 1], "texture": "#10"},
				"down": {"uv": [0, 0, 4, 1], "texture": "#10"}
			}
		},
		{
			"from": [6, 3.1, 4],
			"to": [10, 11.1, 5],
			"rotation": {"angle": 0, "axis": "y", "origin": [0, -13.4, 0]},
			"faces": {
				"north": {"uv": [0, 0, 4, 10], "texture": "#10"},
				"east": {"uv": [0, 0, 1, 10], "texture": "#10"},
				"south": {"uv": [0, 0, 4, 10], "texture": "#10"},
				"west": {"uv": [0, 0, 1, 10], "texture": "#10"},
				"up": {"uv": [0, 0, 4, 1], "texture": "#10"},
				"down": {"uv": [0, 0, 4, 1], "texture": "#10"}
			}
		}
	],
	"groups": [
		0,
		{
			"name": "group",
			"origin": [0, -1, 0],
			"color": 0,
			"children": []
		},
		{
			"name": "group",
			"origin": [0, -1, 0],
			"color": 0,
			"children": [
				{
					"name": "lamps",
					"origin": [8, 8, 8],
					"color": 0,
					"children": [1, 2, 3, 4, 5]
				},
				6,
				7,
				8,
				9,
				10,
				11,
				12,
				13,
				14,
				15,
				16
			]
		}
	]
}